[{"Id":1,"UserTypeId":1,"Verified":true,"Blocked":false,"FirstName":"Nicolas","LastName":"Chourot","GenderId":1,"Email":"nicolaschourot@videotron.ca","Avatar":"/Images_Data/User_Avatars/8f4fcab1-187c-4808-b1d6-f1138a7c0cd2.jpeg","Password":"password","CreationDate":"2024-03-14T11:46:53.6287006-04:00"},{"Id":2,"UserTypeId":3,"Verified":true,"Blocked":false,"FirstName":"Nicolas","LastName":"Chourot","GenderId":1,"Email":"Nicolas.Chourot@clg.qc.ca","Avatar":"/Images_Data/User_Avatars/dc030981-588c-4130-97f4-7f38fbee5db4.jpeg","Password":"password","CreationDate":"2024-03-15T09:24:40.6980116-04:00"},{"Id":3,"UserTypeId":2,"Verified":true,"Blocked":false,"FirstName":"Saliha","LastName":"Yacoub","GenderId":2,"Email":"Saliha.Yacoub@clg.qc.ca","Avatar":"/Images_Data/User_Avatars/4491ed49-2848-4618-b131-7036cb07126f.Jpeg","Password":"password","CreationDate":"2023-03-18T12:00:00"},{"Id":3,"UserTypeId":3,"Verified":true,"Blocked":false,"FirstName":"Stéphane","LastName":"Chassé","GenderId":2,"Email":"Stephane.Chasse@clg.qc.ca","Avatar":"/Images_Data/User_Avatars/89ca9b58-9e3d-4c21-bb08-369f8f04b2fb.Jpeg","Password":"password","CreationDate":"2023-03-18T12:00:00"},{"Id":4,"UserTypeId":3,"Verified":true,"Blocked":true,"FirstName":"Peter","LastName":"Gabriel","GenderId":1,"Email":"peter.gabriel@yopmail.com","Avatar":"/Images_Data/User_Avatars/99dc09c9-9cf7-44f5-938b-b9ccc90e22a0.Jpeg","Password":"password","CreationDate":"2023-04-18T08:53:23.6932006-04:00"},{"Id":5,"UserTypeId":3,"Verified":true,"Blocked":false,"FirstName":"Chick","LastName":"Corea","GenderId":1,"Email":"chick.corea@yopmail.com","Avatar":"/Images_Data/User_Avatars/45177be0-def8-4a94-8585-228e3ac7c37f.Jpeg","Password":"password","CreationDate":"2023-04-18T08:55:30"},{"Id":6,"UserTypeId":3,"Verified":false,"Blocked":false,"FirstName":"Pat","LastName":"Metheny","GenderId":1,"Email":"pat.metheny@yopmail.com","Avatar":"/Images_Data/User_Avatars/502243d8-305d-4e88-94e6-b7d853cfcbca.Jpeg","Password":"password","CreationDate":"2023-04-18T08:59:30.022614-04:00"},{"Id":7,"UserTypeId":2,"Verified":true,"Blocked":false,"FirstName":"Patrice","LastName":"Roy","GenderId":1,"Email":"Patrice.Roy@clg.qc.ca","Avatar":"/Images_Data/User_Avatars/8e412968-fc77-41ee-849f-d9a7cbcdfb43.Jpeg","Password":"password","CreationDate":"2023-04-21T13:11:16"}]
